424.1	0.001547	-87.23	1.489	-0.2985	3.11	-1.034	-2.476	-1.536	0.7577	2.234	-0.6529	-1.817	-3.251	-3.265	0.0919668825668304	
180.7	0.001363	-104.6	11.02	-0.6668	1.596	-0.4048	-2.668	-2.824	-3.448	-2.056	-2.752	0.716	3.172	0.8292	0.0954105066045066	
153.9	0.001514	-108.2	6.184	4.725	3.296	4.662	0.4274	-3.458	-1.895	-1.643	-1.207	-1.388	1.387	4.379	0.0950024037151252	
192.8	8.926E-4	-117.6	1.169	-1.258	2.954	1.785	-2.645	-1.879	-3.74	-2.521	-2.335	-2.301	0.5558	3.821	0.0964077916529639	
252.2	6.738E-4	-99.71	4.97	1.439	-0.1561	1.827	-0.924	-1.804	-2.494	-3.275	-4.885	-3.455	-2.006	-0.8583	0.0950891682605394	
348.8	9.198E-4	-83.94	-4.885	-0.894	4.101	2.46	3.153	-0.6735	-0.4825	-1.321	-1.396	1.635	1.915	2.218	0.0921741	
257.2	9.404E-4	-92.16	3.971	-2.291	1.486	-0.7598	1.018	-4.052	-2.329	-1.956	0.8536	-0.1032	-0.01161	-1.011	0.0924442243330639	
153.5	5.52E-4	-114.5	4.282	2.656	3.972	0.8569	1.328	-3.323	-2.986	-1.202	-4.652	-0.1154	-1.213	0.8732	0.0961612724923076	
108.1	0.003297	-101.8	9.799	5.299	2.589	2.035	1.676	-1.976	-1.184	-0.05464	-0.9761	-0.8249	-2.585	-2.429	0.100475789880037	
140.4	0.002755	-99.43	10.55	0.5966	2.408	2.205	3.941	-2.143	-1.83	-1.246	-4.432	-0.936	-1.31	-0.7579	0.1026089	
110.3	0.001297	-117.4	10.62	4.275	2.296	3.375	1.807	-0.9289	-2.198	-0.6606	-2.864	-0.7293	-0.8384	-0.3747	0.100951637471787	
194.7	7.639E-4	-115.1	7.482	3.007	1.481	3.78	-0.1308	-1.855	-2.368	-1.395	2.762	1.021	-2.061	-4.947	0.0949798626351243	
158.9	0.002407	-109.0	10.58	2.021	1.533	0.2695	-2.198	-2.386	-4.184	-2.481	-1.576	1.722	4.064	3.777	0.100135141846224	
155.1	0.002056	-109.1	5.733	1.236	4.539	0.008179	0.7719	-5.247	-2.396	0.8673	2.361	3.76	0.5579	0.922	0.102889465919423	
182.2	6.625E-4	-117.4	5.362	1.492	-0.8954	0.128	0.733	-2.245	-3.391	-0.3138	0.637	1.136	-1.093	-0.9254	0.105194946021841	
228.9	4.308E-4	-113.8	6.909	3.156	1.182	-1.829	-2.067	-2.738	-2.481	2.25	1.451	-0.7328	-4.793	-4.213	0.105794471646341	
385.1	6.484E-4	-103.4	-1.179	-0.2905	0.4758	-4.439	-1.132	-4.07	-1.643	-0.8205	-0.7215	5.209	3.526	0.2872	0.105674091072827	
447.3	0.001359	-86.24	-1.979	1.577	1.642	-1.49	0.298	-0.4493	2.818	2.634	0.5834	-1.669	-0.2729	2.171	0.105359304471858	
198.2	9.436E-4	-112.8	7.018	0.3104	-0.3927	-0.7608	-1.228	-2.053	2.092	0.8791	1.161	1.789	-1.698	-0.8743	0.1056523	
294.4	7.895E-4	-97.18	5.367	2.924	1.208	0.378	-0.5324	-0.9987	-0.218	2.883	-0.9018	-4.277	-4.533	0.3911	0.1056523	
326.9	7.019E-4	-109.4	-0.5432	-0.536	-1.083	-4.771	-2.533	-0.1522	2.131	-0.2217	0.2269	3.955	0.3395	1.344	0.1056523	
457.3	0.001956	-87.35	0.01008	3.084	2.24	-3.591	0.1164	1.674	4.833	-1.65	-4.026	1.83	4.326	1.243	0.1056523	
253.2	0.001306	-108.2	4.268	-0.5724	1.423	-3.233	0.4302	0.1829	3.639	-1.41	-2.139	1.908	3.39	1.572	0.106512206357143	
323.6	7.4E-4	-92.21	4.828	2.934	1.75	0.7536	-0.7155	-0.05771	0.4169	0.1024	-3.964	-1.793	0.313	1.288	0.106278044075556	
739.3	0.00124	-98.92	-7.593	3.185	3.904	-3.707	0.8298	-3.753	1.783	3.137	2.317	-3.114	-2.21	4.681	0.102664782200685	
251.7	0.001569	-86.97	2.638	1.442	2.043	1.557	0.2789	-2.716	-0.2162	1.667	4.544	1.105	-2.909	-2.09	0.10081543696	
226.8	0.001293	-116.3	7.693	1.929	0.7303	-1.55	0.3469	-3.268	-1.424	4.548	4.386	1.704	-4.372	-4.047	0.100659542662473	
290.3	5.284E-4	-100.2	4.887	3.785	0.1279	0.4685	-0.9398	-1.41	-2.446	2.191	1.971	-0.648	-4.221	-3.486	0.0764560774086551	
138.9	9.252E-4	-99.79	3.506	5.439	2.1	3.929	1.749	-2.946	-1.128	2.065	4.548	1.556	-1.816	-3.594	0.0123625083339954	
292.3	5.438E-4	-110.7	1.684	4.699	3.246	0.2406	1.417	-2.877	2.549	1.71	-0.09891	0.5074	-0.02485	0.1878	-0.00464644953441297	
503.6	7.49E-4	-109.3	-6.298	1.902	1.726	-3.728	-0.1749	-3.97	5.199	5.425	-0.4261	-4.868	-4.412	2.056	-0.00726224001591092	
577.3	0.00149	-84.46	-3.798	-3.739	1.681	-2.672	0.1991	-4.923	-2.481	-1.107	2.272	-0.9288	-3.92	-3.278	-0.00364536647443293	
400.2	8.197E-4	-106.6	1.989	-3.087	-0.4165	-2.747	-1.139	-6.068	-3.665	0.5043	1.014	-0.9819	-1.519	-1.486	-0.00703089210950081	
218.8	4.024E-4	-114.4	6.854	0.06248	0.4306	0.22	1.497	-3.131	-3.227	3.033	-2.591	-1.742	3.803	1.701	-0.00601649514644352	
156.5	7.594E-5	-127.2	7.272	2.116	-1.261	1.504	0.04062	-1.8	-2.869	2.09	-2.774	-0.8356	2.391	2.86	-0.00565411235836209	
164.9	1.078E-4	-128.7	6.345	6.214	0.3381	2.782	0.6357	-0.488	-2.358	-0.08017	-0.778	-0.1819	0.6506	1.98	-0.0106001427846432	
129.0	8.962E-5	-118.6	3.03	4.185	2.635	1.649	1.043	-0.8634	-1.81	-2.29	0.325	0.5097	0.4598	-0.0471	-0.0145406686432994	
167.1	1.738E-4	-140.6	0.05512	6.881	2.955	4.516	1.785	1.187	-1.337	-0.8769	-0.2354	1.079	0.4756	0.6724	-0.0152758635082224	
240.0	4.098E-5	-115.1	-0.04124	2.527	5.633	0.8468	0.3326	0.05847	-0.8831	0.5868	-1.784	-1.105	-1.04	-0.02502	-0.0138113583040517	
576.1	0.00133	-116.5	-5.726	-0.7505	7.812	2.533	1.774	-1.52	-0.7817	-0.3213	-2.974	-1.014	1.208	3.999	-0.0121275603803487	
314.5	0.001607	-105.6	2.138	0.8207	4.066	3.359	3.959	-2.457	0.2785	-1.045	-5.806	0.9793	1.442	4.471	-0.0108998476294484	
129.1	7.517E-4	-114.7	11.52	1.628	0.5979	0.3821	0.565	0.2497	-2.23	0.04266	-2.592	-0.2791	0.721	-0.7476	-0.00911771933983758	
236.2	3.183E-4	-97.79	3.77	4.062	3.035	0.115	0.1787	0.7366	-2.058	-2.043	-2.206	0.3308	-1.097	0.1342	-0.00816220927922079	
398.9	5.621E-4	-110.4	0.405	0.2361	4.353	-0.5629	1.004	-2.073	-2.405	-0.278	4.476	2.666	0.3932	0.5402	-0.0099999	
252.3	7.077E-4	-103.2	0.8355	5.668	5.451	1.944	0.3591	-0.2448	-0.6713	1.066	3.631	-2.93	-1.887	-1.7	-0.0099999	
866.4	0.002066	-90.54	-9.507	1.747	3.806	-4.039	1.916	-6.595	2.431	2.783	-2.385	-1.051	-3.53	-1.035	-0.00832585802482342	
588.9	0.001382	-78.8	-1.286	-1.462	3.464	-1.615	2.739	-4.957	-1.722	-0.7414	-3.999	-0.44	-1.818	-0.7902	-0.00608680000000001	
279.6	0.001335	-101.6	3.803	-4.503	3.983	-1.553	2.086	-2.064	-2.458	-3.465	-0.9949	-0.2509	-1.593	-1.462	-0.00621067375937167	
125.5	0.001442	-95.62	4.683	5.58	4.5	1.877	1.405	-2.475	-2.315	0.9593	0.861	-0.7177	-2.622	-1.912	-0.00652160000000002	
143.9	0.004568	-120.5	9.043	5.143	2.536	-0.5118	-0.1519	-6.263	-5.642	-0.24	1.362	0.1903	-3.062	-0.7946	-0.00652160000000002	
190.5	0.001828	-99.29	4.986	5.91	1.662	0.7729	-1.63	-2.71	-4.143	-1.724	-0.607	-1.262	-2.403	-0.3726	-0.00652160000000002	
113.4	0.001786	-109.5	11.49	4.017	0.01497	1.267	1.812	-1.745	-1.09	1.331	-0.1956	1.365	-1.141	-0.5913	-0.00608690000000002	
114.4	0.002607	-115.5	10.28	6.676	0.9582	3.152	-0.862	-0.6022	-0.8403	-2.852	-0.8846	0.8822	-0.6884	-1.642	-0.00565210000000002	
170.9	7.486E-4	-103.6	6.273	1.172	-1.092	1.398	-1.463	-5.168	-4.286	-4.731	0.3235	-0.3377	-1.579	-6.097	-0.00521854026079871	
191.4	0.003963	-88.4	6.005	-2.292	-2.177	-1.369	-0.3861	-2.626	-4.311	-3.099	-3.272	-1.445	-0.1012	0.9114	-0.00521730000000002	
251.1	0.002534	-90.97	4.282	-1.491	2.332	0.7007	1.283	-2.321	-2.413	-0.6701	2.013	3.534	1.792	1.247	-0.00377063575235111	
632.9	0.001522	-99.01	-1.662	0.239	1.683	-2.548	1.786	-0.3817	0.7864	-0.9115	-2.065	-2.989	2.801	0.7627	-0.0026086	
666.8	0.001093	-96.1	-7.173	-3.801	2.247	-1.807	-0.5088	-1.191	1.878	-0.4976	-1.649	-3.503	0.1628	2.23	-0.0026086	
708.2	0.001764	-103.3	-5.716	1.711	3.382	-2.607	2.954	-2.634	2.392	0.7095	1.09	-3.749	-5.558	2.71	-0.0026086	
269.5	8.226E-4	-108.2	2.463	2.628	5.86	0.1757	2.998	-4.064	-0.7543	2.372	2.554	-2.386	-2.08	1.328	-0.00188425442986055	
347.5	2.927E-4	-184.2	4.733	-3.69	-0.3146	-0.6992	1.923	-1.807	-0.1589	-0.8436	3.142	-0.9107	2.642	-1.601	-0.00137590573535437	
248.7	0.006303	-69.36	-1.008	2.134	0.9699	-0.5957	0.5221	-1.432	-1.26	-1.15	-1.613	-1.409	-0.7384	-1.852	0.111703565822323	
618.5	0.003643	-74.08	-6.333	1.083	0.994	-2.349	4.69	-1.581	-0.1567	1.466	-0.4976	1.336	0.5988	1.484	0.106381453855924	
784.4	0.002645	-68.1	-7.964	1.24	1.972	-4.269	2.249	0.4714	0.1026	-2.728	0.5806	-0.2435	0.9696	1.289	0.104310381040424	
262.9	0.006788	-63.53	-1.756	5.306	2.174	-3.877	1.223	0.8739	2.079	-0.9231	1.984	1.183	0.8008	0.7364	0.100265276120662	
204.8	0.01174	-63.85	-2.691	4.418	1.224	-5.306	0.01902	0.1132	1.417	1.089	2.833	-0.4173	0.8535	-0.77	0.0980605209187859	
219.8	0.01146	-67.93	0.9321	2.132	-0.05967	-0.6494	-2.434	-2.208	3.133	2.058	-0.03599	0.911	-0.9072	0.056	0.0980434	
320.6	0.004966	-66.37	0.5253	2.123	-3.543	-5.507	-0.6801	4.353	1.689	0.4781	0.1412	-0.1949	-0.7492	1.629	0.0980434	
238.9	0.003825	-62.41	0.6493	2.39	-0.001323	0.5173	-0.1652	1.14	2.392	1.198	-0.4587	-0.7896	-1.679	-0.4897	0.0966117502160108	
223.9	0.002689	-62.68	-1.283	3.618	2.285	-3.022	-0.5968	0.2697	0.8763	-0.542	1.784	0.6227	-0.1371	2.115	0.09543781148321	
316.7	0.003508	-59.86	-2.154	1.404	2.758	1.474	-0.03033	0.3271	0.4616	-3.686	-0.5908	2.069	-0.5745	0.1817	0.0955274780278671	
231.9	0.002209	-71.89	-2.238	6.367	2.996	-1.777	-1.092	0.3131	-1.037	-0.3211	-0.03067	0.7362	0.8201	2.315	0.0948293019278829	
232.6	0.002959	-85.75	0.8062	2.689	0.7259	-1.816	0.2795	-2.393	1.519	-0.5646	-1.12	0.6013	-0.6127	0.8268	0.0902639314091072	
714.0	0.002734	-81.62	-5.436	4.634	-2.199	-4.66	2.14	-2.665	0.3284	-1.846	1.126	0.1111	0.2393	2.323	0.0849712404501695	
565.7	9.199E-4	-91.59	-2.101	3.556	-0.4337	-6.277	1.891	-3.712	-0.3477	-1.359	2.063	1.432	0.2365	1.361	0.080724495754717	
248.9	0.00118	-94.23	-1.948	4.206	1.316	-0.8745	2.351	-0.285	1.094	0.3514	0.9927	2.167	0.5748	1.501	0.079372340408805	
226.9	8.629E-4	-89.28	-1.48	4.52	1.371	-2.346	2.289	-2.005	1.263	-1.561	0.712	1.061	0.6768	2.335	0.0803446167972011	
230.0	0.00176	-72.08	-1.664	4.032	2.173	1.745	1.219	1.214	1.296	0.1116	-0.5887	0.344	-0.867	0.7638	0.0793914821456539	
127.3	0.001503	-75.48	-2.555	3.581	2.008	1.02	2.595	2.332	1.43	0.133	-0.1603	-0.4016	-0.6398	0.5618	0.0809238239814508	
243.9	0.001852	-62.57	0.2499	4.596	1.38	-0.07281	0.06731	-0.6101	0.6061	0.2029	0.529	0.2621	0.4225	0.1218	0.0862217395528619	
213.2	0.001964	-68.27	-2.498	4.354	-0.3308	-2.248	0.9082	0.003626	0.9431	0.5388	1.869	1.05	0.6941	2.069	0.0932852583545676	
1149.0	0.003256	-71.95	-2.884	5.241	0.1074	0.5983	-1.44	0.37	0.2463	1.042	-0.2158	1.198	-1.72	-0.3927	0.09905651796875	
335.3	0.002875	-74.77	0.6684	3.435	0.9316	-3.73	-0.5253	-1.013	-0.3139	0.5064	0.9139	0.9622	-0.1663	-0.7355	0.103712956847956	
378.5	0.002373	-72.88	0.6096	5.153	0.8721	-9.388	-1.321	-1.83	-1.592	0.7865	-1.283	0.6904	-1.244	-0.3801	0.1041304	
324.9	0.002241	-85.71	-5.333	6.567	2.919	-1.633	0.1349	-1.51	-0.4969	-1.356	-0.3224	1.929	0.892	-0.09071	0.0988994743592652	
510.4	8.731E-4	-87.07	-3.052	2.197	2.853	-4.602	2.426	-0.7375	-1.78	-1.792	1.408	1.202	-1.142	0.498	0.0963196374897457	
268.7	0.001174	-79.86	-3.088	3.208	2.428	0.4291	1.968	1.119	0.8053	0.03999	1.021	0.9412	-0.262	1.351	0.0906997153073524	
160.2	0.001307	-77.95	-3.788	1.585	3.226	-0.4758	1.792	2.659	1.069	-0.545	1.14	1.616	0.005226	0.3488	0.0874844025498008	
258.9	0.00148	-64.17	-1.893	3.337	2.54	1.477	1.071	0.4189	0.1998	-0.07047	0.9033	1.446	-0.1208	-0.1592	0.0867392	
163.4	0.001809	-69.55	-4.151	3.781	1.93	-0.7114	1.821	1.167	1.33	0.695	1.301	2.407	1.483	1.496	0.0867392	
295.8	0.001901	-64.3	-2.865	2.745	1.416	0.1029	0.4829	-0.4799	0.8437	0.005457	0.389	1.84	0.2816	0.03727	0.0867392	
364.0	0.001762	-58.94	-2.21	2.865	1.899	-1.686	2.417	1.303	-0.2894	0.6841	0.6958	-1.061	0.3948	-0.6134	0.0867392	
1308.0	0.004728	-79.6	-8.521	5.492	-2.605	1.08	0.3714	-0.761	-0.2728	1.123	1.306	1.814	1.287	0.3542	0.0848270359581667	
380.7	0.002272	-76.2	-1.647	2.108	-1.078	-3.583	-0.3129	-1.448	-1.445	-1.774	1.448	3.079	1.022	0.7809	0.0787250595057792	
502.6	0.002144	-66.47	-2.142	-0.3178	0.7789	-4.288	2.826	-0.43	-1.125	-2.192	-0.02164	0.9582	0.6044	0.08494	0.0776087	
191.2	0.003352	-73.01	0.9955	3.248	2.694	-2.871	2.031	2.283	1.86	-0.9173	1.322	-0.809	0.5634	0.1738	0.0776087	
109.7	0.009692	-71.51	3.901	-0.4811	-0.1101	-2.391	3.765	1.408	-2.161	-1.391	1.5	2.126	3.209	2.443	0.0844224772908367	
147.5	0.004278	-66.51	-1.033	5.18	0.8415	0.9949	2.168	-0.2102	0.05337	-0.177	1.442	1.032	0.4068	0.1066	0.0964973386422977	
155.4	0.003034	-62.34	-1.335	5.727	0.387	-1.413	0.1623	2.385	-1.522	0.7978	0.8034	0.6051	0.9787	0.2264	0.0998798042874156	
171.5	0.004323	-60.72	0.2672	4.194	1.324	1.181	0.1175	0.3238	-0.9924	-0.3162	-0.04982	0.5349	-0.1685	-0.1594	0.100540444176707	
279.7	0.004252	-61.38	-1.686	2.975	1.41	-0.9107	1.645	-0.7225	1.218	0.5679	0.3406	0.3447	-0.704	1.867	0.0960547143544506	
360.3	0.002412	-63.66	0.4801	0.3528	-0.8314	-3.769	2.442	0.8997	0.5171	-0.5295	-0.6883	-0.1777	-0.7953	0.4341	0.0919566	
404.3	0.002001	-75.72	-0.6599	0.8883	0.07989	-5.083	4.278	0.7072	-1.177	-0.6112	-0.9116	1.14	1.323	0.8117	0.0923914	
479.0	0.001683	-66.91	-2.212	0.132	1.819	-2.991	2.797	0.1365	0.1877	-3.082	-1.207	-0.08683	1.177	0.7601	0.0904939535595001	
156.7	0.006542	-66.74	0.8028	2.845	3.962	-1.95	3.295	1.612	1.666	-1.325	1.658	0.2784	1.697	0.459	0.0879777346666889	
152.7	0.01213	-67.4	0.1204	1.239	-0.768	-2.294	0.01485	0.05865	-2.301	-3.402	-1.428	0.1177	0.8664	-1.165	0.0812367043455014	
141.7	0.01416	-65.94	1.977	3.217	1.461	0.3881	0.4051	-1.139	-0.05171	-1.563	-0.0603	0.266	-0.3143	-1.623	0.0815218	
142.3	0.0103	-65.64	-1.029	6.983	3.236	-2.039	0.9888	1.127	-0.7215	0.7446	1.516	0.3809	0.8174	-2.131	0.0834013738461538	
173.7	0.008649	-62.44	-0.7511	5.055	3.155	1.069	0.3373	0.367	-0.5232	0.1888	0.9479	0.4431	-0.5215	-1.106	0.0836957	
149.6	0.008882	-58.75	1.829	0.4893	0.3162	-0.1472	0.1601	2.632	1.99	-0.6397	0.4535	0.473	0.2558	0.3561	0.0824767735042735	
306.7	0.004964	-64.37	-0.144	4.747	-0.05773	-0.7608	1.067	-0.4014	-0.1235	0.7057	-0.1928	0.9658	-0.6191	0.1625	0.081087	
168.5	0.002269	-75.86	-0.7162	2.042	0.5095	-1.517	2.143	0.8076	1.514	0.2408	-0.001314	1.203	0.8858	1.08	0.0802174	
339.1	0.00284	-68.22	-2.016	0.5427	1.746	-3.138	3.539	0.8659	0.5773	-2.304	-1.032	0.2895	0.4776	1.009	0.0817298841009211	
171.6	0.005563	-67.17	-1.57	1.008	2.87	-2.247	3.737	2.011	1.737	-1.722	1.002	0.1017	0.8884	0.1172	0.0819566	
213.8	0.009271	-60.18	-1.222	0.203	2.515	-1.762	1.239	-0.007309	1.602	-3.679	1.561	2.006	-1.127	-0.3844	0.0799346324021316	
264.8	0.005149	-64.83	-3.653	6.466	1.385	-1.24	0.4429	1.382	1.983	-1.088	1.623	2.351	-0.2732	-0.2509	0.0779155497949139	
167.7	0.01465	-58.23	2.361	1.68	2.535	0.4688	2.019	-2.035	0.7902	-2.471	-0.3668	1.848	1.989	2.281	0.076173561361772	
170.8	0.01644	-60.89	1.504	3.758	1.236	-0.2721	-1.094	-0.3017	0.6073	-2.601	-0.6457	0.3708	-1.384	-0.4137	0.0754349	
148.8	0.008346	-63.34	0.5723	3.246	0.8646	-3.277	-0.6614	2.739	1.436	0.7428	0.9461	0.7803	0.2385	1.125	0.0745653	
267.3	0.006124	-56.8	-0.4685	3.478	0.7742	-2.478	2.132	0.2905	0.8057	0.5482	0.4979	1.064	-0.1845	-0.7628	0.0745653	
256.5	0.003762	-62.96	-2.016	2.052	-1.685	-2.707	3.577	0.3179	-0.2214	0.7795	0.4995	0.3138	1.704	1.333	0.0745653	
277.4	0.007594	-154.8	3.019	2.135	0.9034	-3.996	4.002	3.243	0.8196	-0.9271	-3.685	2.185	0.4212	-0.06032	0.0745653	
283.9	0.003992	-53.34	-0.4851	2.452	2.339	0.4002	1.595	-0.7354	-0.7649	-0.6395	-0.1365	0.2334	0.6354	-2.105	-0.3492724	
188.6	0.004791	-58.71	-0.2829	1.814	2.958	0.5919	1.857	-1.182	-2.31	-2.008	-0.7817	0.9697	0.8509	-2.466	-0.349487448198469	
236.5	0.002962	-56.78	-0.8103	2.31	2.27	0.2175	2.132	-0.7905	-2.455	-1.106	-0.5596	1.553	1.119	-3.181	-0.356532373723197	
230.1	0.003701	-59.35	1.401	2.964	1.621	0.8819	0.7277	-0.7849	-2.763	-1.409	0.3101	1.57	0.08726	-1.682	-0.366042884983725	
184.5	0.002334	-60.92	2.038	2.557	2.258	1.064	1.433	-0.892	-2.127	-1.678	-0.02195	2.386	1.19	-1.84	-0.379099444391069	
145.2	0.005671	-61.53	4.318	1.335	3.214	0.159	1.548	-1.774	-1.68	-1.152	0.73	2.173	1.832	-1.641	-0.388456431192028	
130.0	0.003017	-69.82	6.303	1.097	3.857	0.6259	0.8936	-2.336	-3.145	-1.47	-0.1903	2.153	1.95	-1.863	-0.388591047146671	
165.1	0.004667	-63.98	4.802	3.885	1.067	1.199	-0.3633	-0.5842	-3.362	0.8444	-0.8291	1.556	0.2811	-1.775	-0.386346270439256	
169.0	0.004042	-65.48	4.123	3.125	2.349	0.5071	1.102	-1.874	-3.201	-0.09221	-0.4057	1.974	2.335	-2.356	-0.384153933929731	
165.7	0.008166	-63.26	4.445	3.371	1.909	0.3594	1.233	-1.64	-2.595	0.1132	0.366	0.8838	2.748	-1.524	-0.383579909810212	
106.8	0.007372	-74.35	9.196	0.3813	3.61	0.09183	1.778	-1.325	-2.514	-0.8062	-0.4403	1.275	2.173	-2.067	-0.380010162428571	
163.8	0.002253	-66.81	2.683	5.144	0.5143	0.5442	2.007	-0.04906	-2.832	0.2449	-1.875	0.8772	3.153	-3.636	-0.377890767714286	
121.1	0.002476	-71.72	4.14	6.664	-0.3929	2.069	0.9508	-0.2458	-2.228	-0.4223	-1.579	0.7628	2.011	-1.859	-0.375952793149211	
116.4	0.001546	-74.15	5.497	4.529	-0.07007	0.9484	2.067	0.7434	-2.258	0.6603	-2.565	0.7954	2.082	-2.882	-0.3736203	
239.6	0.0104	-57.51	-2.376	1.031	1.144	-0.1533	2.675	0.3537	-1.128	-0.7814	0.3784	1.561	0.5227	-0.9088	-0.37300387001234	
171.8	0.006882	-74.03	-1.876	-0.3827	-0.4083	-1.049	1.438	-0.8162	-1.276	-2.383	-1.23	1.361	1.2	-0.6942	-0.369503973209833	
181.0	0.003883	-66.6	0.1392	2.4	0.1393	-1.021	1.269	-1.278	-2.155	-0.1799	-0.5586	1.706	2.555	-2.418	-0.3684028	
155.9	0.001596	-70.23	-1.145	2.163	0.2855	-1.087	2.183	0.1707	-1.895	-0.1878	-0.9828	1.357	4.121	-2.984	-0.372775624773718	
148.1	0.0018	-71.58	-1.849	1.735	0.1324	-0.4453	2.01	-0.03134	-1.925	0.5115	-0.7028	2.003	2.312	-2.758	-0.374970461257606	
323.6	0.009673	-57.07	1.959	0.7572	-1.226	-1.669	0.4799	-0.4871	-0.1849	0.9161	1.476	2.291	0.1671	-2.981	-0.375962026318826	
183.2	0.009163	-56.44	3.911	-3.492	0.1349	1.169	1.414	1.714	0.4377	-0.5712	-2.857	-0.4507	1.388	-0.0649	-0.373550476714286	
146.2	0.008842	-58.75	4.269	1.905	-0.9083	-0.1744	-1.278	-1.648	-0.007112	-0.258	0.5778	-0.7949	0.49	-0.4359	-0.3731854	
178.7	0.005872	-62.86	0.8703	6.009	-2.058	-3.21	1.175	0.1382	-0.7845	0.3341	0.02003	1.799	1.82	-3.179	-0.374171733166726	
158.7	0.006128	-63.88	-0.3162	2.167	-0.2864	-0.2999	2.326	-0.1821	-1.381	-1.677	-0.48	1.08	1.225	-2.216	-0.3749246	
192.4	0.005254	-67.89	-3.348	0.1907	0.1423	-0.133	1.817	-1.194	-2.083	-2.075	-1.037	0.2925	1.114	-1.889	-0.3762289	
218.2	0.003516	-66.94	-0.7074	1.626	0.2874	0.1022	2.263	0.1924	-1.129	-0.8791	-1.316	0.5409	1.671	-2.609	-0.376130523552985	
181.6	0.004304	-75.11	1.622	1.897	1.035	-0.554	0.3527	-0.7191	-2.231	-2.252	-1.576	0.9056	2.97	-1.22	-0.379107619473752	
125.9	0.004923	-78.15	3.352	0.9454	1.587	-0.1031	1.603	-0.6205	-1.551	-0.6913	-1.955	1.796	3.439	-2.867	-0.385490616428571	
242.1	0.01118	-48.61	2.832	-1.775	-0.9304	-0.7233	-0.692	-1.361	1.264	1.173	-0.5352	-1.107	0.5193	-0.7972	-0.385040088790104	
154.1	0.01146	-61.14	3.124	1.831	-3.776E-4	-0.9102	-0.966	0.6839	-1.399	-1.901	-0.138	0.4077	0.8723	-0.04429	-0.396625745535014	
188.6	0.01089	-57.98	2.341	4.014	0.6606	-3.76	-1.573	-1.009	-1.945	0.6275	-0.9399	1.31	0.4653	-1.609	-0.396907351166548	
213.5	0.00457	-58.91	2.147	0.4031	0.2568	-0.974	-0.8387	-0.06525	-0.7982	0.2484	-0.8332	0.1605	1.615	-2.441	-0.39386980206995	
258.4	0.005759	-63.42	-0.8497	3.019	-0.3425	-2.502	0.2602	0.6595	-0.349	-0.7712	-2.699	-0.2629	1.849	-1.534	-0.390245892282958	
267.7	0.006867	-64.3	-3.752	-0.7394	-0.2289	-1.287	1.093	-1.734	-2.805	-1.872	-0.7477	0.7678	2.119	-0.3718	-0.384668044216387	
149.7	0.005286	-74.41	0.4946	1.085	0.3758	-0.2363	1.873	0.2126	-0.9649	-0.7223	-1.994	-0.002478	2.52	-1.818	-0.387128743163156	
170.2	0.005206	-68.85	3.187	1.991	-1.686	-1.188	-1.025	-1.108	-2.235	-2.258	-1.206	-0.6942	1.075	-1.759	-0.388287117464286	
174.1	0.004316	-78.43	2.907	0.5049	1.331	-0.9293	1.175	-0.2565	-0.6959	-0.3991	0.1054	2.149	3.324	-3.261	-0.389441631670202	
309.0	0.009279	-53.5	-1.571	-0.2515	1.527	-1.116	0.4929	-1.487	-2.216	-0.3531	1.148	1.5	1.304	-0.2393	-0.390894538461538	
221.9	0.006509	-61.84	0.5433	1.557	1.049	-1.585	2.216	0.1725	-1.349	-0.2951	0.6278	0.4396	0.5619	-0.8491	-0.389561779357143	
309.1	0.005781	-55.04	3.312	-3.066	0.2033	-0.4051	-0.7656	0.5764	0.8292	0.699	-2.026	-1.303	1.947	-0.1448	-0.387695323785714	
306.5	0.004172	-52.49	2.897	-3.236	-1.014	0.5989	-0.6814	1.267	0.56	1.488	-1.868	-0.5805	2.875	-1.555	-0.390142	
214.2	0.006411	-60.13	0.05029	4.975	-0.4755	-3.893	1.649	-0.1231	-1.079	1.461	0.2453	1.94	0.8928	-3.004	-0.38880724075	
306.6	0.004642	-61.47	-2.673	1.767	0.6053	-0.2013	2.112	-0.5837	-2.43	-1.802	-0.8724	-0.08816	0.3052	-2.453	-0.3897073	
198.6	0.0051	-77.42	0.1252	1.176	2.328	-1.181	2.252	-0.9738	-2.359	-2.385	-2.478	-1.242	-0.6338	-4.453	-0.389998204420732	
187.2	0.007867	-63.19	3.89	2.278	-0.4763	-2.256	-1.585	-1.367	-1.459	-1.628	-0.238	-0.5769	-0.5948	-2.044	-0.389124176594912	
139.0	0.005014	-73.81	4.764	1.782	1.105	-0.6754	2.237	-0.7179	-2.523	-1.196	-2.394	-0.6708	1.466	-3.952	-0.388173411175317	
227.9	0.003341	-69.77	1.295	2.432	-0.1855	-0.9476	1.466	0.006999	-2.056	-1.275	-2.545	-1.291	0.6358	-2.844	-0.389877703714286	
219.3	0.005832	-53.75	1.693	1.655	-1.345	-0.9748	-0.7716	-0.7056	-1.188	-1.655	-0.9622	-1.049	-1.004	-1.538	-0.390142	
162.1	0.005983	-52.41	4.337	1.999	-0.08613	-1.365	-1.79	1.654	1.41	-1.916	-0.8962	-0.8039	-0.6687	-1.821	-0.390142	
166.2	0.008964	-59.8	1.457	1.797	0.8962	-2.677	-0.6233	3.912	-0.07707	-1.726	-0.1775	-0.4118	0.1596	-1.793	-0.390984467394696	
166.7	0.007513	-63.26	3.849	3.829	-0.3257	-1.783	0.238	-0.6739	-1.039	-0.7643	-1.318	0.09187	-1.07	-3.08	-0.392871093165049	
730.4	0.008833	-52.26	-3.302	1.104	-2.596	-0.8441	0.6017	-1.06	-2.407	-2.312	-1.345	-0.3095	-0.9516	-1.484	-0.394122223910387	
236.5	0.008398	-69.1	-2.534	1.448	0.5969	0.03459	1.402	-0.6854	-2.45	-3.751	-2.663	-0.8218	0.6062	-1.603	-0.3949247	
206.3	0.003984	-69.59	1.92	0.7631	1.624	-0.5034	1.66	-0.7943	-1.551	-0.3453	-0.1609	1.403	1.63	-2.847	-0.3949247	
160.9	0.003439	-64.36	2.487	2.079	0.6304	-2.46	0.1558	-1.305	-1.356	-1.724	-0.3572	-0.2249	0.2196	-2.501	-0.3949247	
186.9	0.003688	-67.57	0.0962	-0.4581	-0.4376	0.705	3.326	-0.1812	-2.201	-0.5959	-1.631	-0.4388	1.684	-2.142	-0.3949247	
330.1	0.005552	-55.46	0.4238	1.578	-0.341	-3.288	-0.3039	-0.2737	-0.3691	0.6796	0.9964	-0.3506	-1.649	-1.626	-0.394991495881384	
211.2	0.004131	-59.7	1.398	4.392	0.5909	-0.1604	1.1	-1.71	-1.252	1.524	-1.18	0.4193	1.227	-1.188	-0.3953595	
280.0	0.006835	-55.15	2.117	3.536	1.905	-2.45	-2.94	-0.6521	-0.9105	0.8662	2.005	2.364	1.074	-0.738	-0.395765966784195	
249.4	0.007969	-57.67	3.119	0.2998	1.254	-0.6658	-2.079	2.442	0.3898	-1.108	-0.316	0.2386	-0.1173	-2.381	-0.398943240808823	
249.4	0.01168	-162.5	3.271	0.3113	-0.2188	1.887	-0.4489	-0.8644	-1.433	0.9924	-1.053	-1.227	0.8768	-3.97	-0.399299847757368	
174.7	0.01293	-51.63	3.064	2.39	1.701	-0.4244	1.642	0.9787	0.1346	0.2302	1.349	0.147	0.1908	0.09679	-0.17632773218638	
98.17	0.008038	-66.61	7.418	1.276	3.357	0.3833	2.587	1.251	-0.2092	-0.9445	0.6438	-0.001663	1.078	-1.407	-0.178205198856016	
168.9	0.006584	-51.63	4.5	1.803	2.028	-0.9644	1.435	-0.5958	-0.3173	-1.149	0.7821	-0.09646	0.005984	0.5762	-0.181058443733622	
170.8	0.02129	-49.26	4.825	3.46	1.3	0.7284	1.466	1.695	0.2672	0.04862	0.3593	-0.4186	-0.2995	-0.8759	-0.186226108586207	
190.5	0.01269	-48.38	3.771	2.725	1.502	0.2665	1.434	1.196	-1.4	-0.425	0.1715	-0.2844	-0.1441	0.8527	-0.186984526852737	
150.9	0.01009	-56.57	7.726	1.871	2.728	-0.5526	1.241	-0.4895	-2.084	0.1932	-0.02018	-0.08134	-0.2116	-0.2567	-0.189272264821429	
167.9	0.01191	-56.33	6.713	0.04085	3.531	-1.498	2.283	0.3955	-0.301	0.7355	0.005454	-1.147	-0.4025	-1.586	-0.191509454390943	
190.5	0.007888	-50.26	7.209	-2.464	3.391	-2.482	2.186	-0.4424	-2.062	-1.819	-0.1867	-0.6837	0.4366	-2.544	-0.220244264532073	
195.9	0.007866	-50.29	6.153	-0.768	2.954	-1.665	0.5295	-0.9922	-2.739	-1.202	-0.4738	-0.2136	-0.09039	-1.928	-0.209718837822005	
186.3	0.007003	-51.08	6.905	-2.044	4.316	-1.891	2.399	-0.7105	-1.704	-0.965	-0.1579	-1.196	0.1038	-1.61	-0.202672893909566	
152.4	0.02435	-55.29	8.138	-1.404	3.929	-1.283	1.806	0.08457	-1.253	-0.4445	0.2502	-0.5994	-0.326	-1.006	-0.200622393395198	
139.9	0.006469	-64.05	6.163	2.703	3.116	-0.03388	-0.5821	-1.033	-1.524	-0.0406	0.2007	-2.108	-2.291	-2.285	-0.200077190211433	
124.1	0.00589	-62.92	6.28	4.761	3.035	1.133	1.631	0.8809	-0.1244	-1.117	-0.1613	-0.8984	-0.6236	-1.057	-0.204521423111495	
147.2	0.003655	-59.45	3.657	5.427	1.154	1.81	1.371	1.007	0.3815	-0.9027	-0.797	-1.154	-1.005	-1.543	-0.208897444353519	
130.5	0.005686	-58.32	5.756	5.219	0.04656	2.263	1.385	1.25	-0.1964	0.847	0.1626	-1.162	-1.018	-2.43	-0.210682268837935	
153.5	0.007716	-53.06	4.681	4.547	2.645	-0.03854	2.629	-0.4845	-0.2757	-1.883	0.7673	-1.96	0.2006	-1.044	-0.2127732725039	
130.9	0.0284	-57.55	2.892	8.62	1.232	-0.277	1.618	0.9544	-0.4728	-0.9164	2.001	-2.141	0.146	-0.899	-0.212269727104598	
238.5	0.03013	-52.72	1.861	2.962	0.716	-1.752	2.085	1.183	-0.2643	-1.247	0.3592	-0.8767	0.494	0.06022	-0.215058442698909	
171.4	0.01355	-53.59	7.482	-0.8192	4.517	-2.673	1.804	0.0458	-1.875	-0.968	0.5544	-1.932	-0.669	-1.574	-0.216607532231498	
164.8	0.008614	-53.04	6.181	-0.1766	3.68	-1.487	1.262	0.5732	-0.7364	-0.4034	0.5813	-0.4656	-1.018	-2.175	-0.222094788598097	
163.4	0.01117	-58.22	8.508	-1.642	4.141	-2.254	1.449	-1.167	-1.159	-0.3749	-0.05061	-0.7614	-0.1761	-1.639	-0.236934435571324	
168.8	0.00544	-54.46	6.715	-0.8281	3.529	-2.466	1.613	-0.576	-1.434	-0.1073	-0.5306	-0.6781	-0.5616	-2.213	-0.255425194314816	
176.2	0.005512	-53.91	5.826	-1.048	1.573	-1.509	1.376	-0.08014	-1.52	-0.3776	-0.3045	-0.7923	-0.6318	-1.989	-0.2583362390484	
119.1	0.02888	-59.5	8.874	-1.259	4.881	-1.563	3.697	0.2941	0.06622	-0.6255	0.09418	-0.7587	0.1206	-1.001	-0.256971444825407	
152.2	0.01215	-58.38	7.13	0.352	3.656	-1.02	0.7222	-0.06659	-1.376	-0.09414	-1.349	-0.9685	-1.009	-1.884	-0.227242247081562	
155.5	0.007951	-51.59	5.502	0.4388	3.695	1.256	1.529	0.07741	-0.2654	-1.15	-0.787	-1.421	-0.2462	-1.639	-0.212840598059945	
170.9	0.008843	-51.89	5.017	1.81	2.198	-0.05614	0.2517	0.9991	-1.022	-0.2589	-0.5724	-0.5598	-0.4431	-0.9507	-0.203239922665871	
143.1	0.007623	-55.22	5.736	2.412	1.468	0.5729	1.21	0.7013	-0.5387	0.09826	0.007515	0.2175	0.4584	-0.5641	-0.206260330310345	
189.6	0.01282	-51.99	4.221	5.827	0.5572	2.361	0.9905	1.719	-0.1849	-0.1995	1.164	-1.56	0.2645	-2.005	-0.206630147002901	
172.1	0.01777	-54.15	3.46	4.978	0.6376	-0.09778	0.9568	1.155	-0.5855	-0.7181	1.567	-1.757	0.1639	-0.9412	-0.19838171250996	
165.5	0.005573	-54.34	6.263	0.423	2.488	-0.2308	0.8882	0.9607	-0.7658	-0.4185	-0.1455	-1.172	-0.03089	-2.12	-0.198646745892857	
145.4	0.007691	-57.18	9.547	-2.063	4.641	-1.918	2.844	-0.8041	-1.18	-0.7529	-0.2228	-1.313	-0.02657	-2.34	-0.19853279929965	
163.3	0.007395	-52.61	7.017	-0.7396	3.872	-1.917	1.32	0.779	-0.8666	-0.7439	0.7501	-0.681	-0.2294	-2.144	-0.196380321629135	
205.9	0.006658	-51.38	6.125	-0.648	3.98	-2.346	2.119	-0.3458	-2.005	-0.1928	-0.2302	-0.2124	0.02901	-2.223	-0.194258342591931	
182.0	0.007054	-55.25	8.422	-2.22	4.92	-2.905	2.976	-0.3777	-0.5389	-1.022	-0.07128	-0.4971	1.572	-1.584	-0.1939128	
130.1	0.0101	-56.64	8.841	1.393	2.905	-0.7863	1.796	0.523	-1.24	0.249	0.2339	-0.0362	0.1058	-0.9336	-0.194292163	
82.4	0.02407	-60.8	8.78	1.993	2.043	0.1662	1.355	0.4093	-0.07387	0.6032	1.459	-0.3104	0.06519	-0.5373	-0.215315297318928	
97.64	0.01223	-66.94	9.727	0.5407	4.574	-0.5989	2.984	1.135	0.08147	0.3459	0.1458	-1.036	-0.1442	-1.602	-0.3099998	
105.5	0.006162	-65.65	7.272	4.4	1.391	-0.4272	1.307	0.9706	-0.5851	1.013	1.286	0.3289	-1.473	-1.629	-0.3099998	
71.39	0.00541	-74.53	11.15	2.687	3.472	0.0833	1.661	0.4076	0.3796	1.487	1.175	-0.1087	-0.6257	-1.062	-0.303642381505102	
53.86	0.009573	-76.85	9.201	5.392	3.125	2.412	2.695	1.999	1.037	-2.404	-0.2546	-0.5088	-0.8121	-0.1654	-0.300223783446198	
77.82	0.0299	-62.67	8.769	3.002	2.249	0.0228	0.1228	1.692	-1.12	-0.546	0.0948	-0.28	-1.087	-1.354	-0.292112685430406	
68.72	0.0212	-84.13	13.22	2.54	3.693	0.3241	1.572	0.3341	-0.2906	-0.6588	-0.09777	-0.3316	0.2645	-0.6567	-0.270578568382187	
145.4	0.0111	-63.08	9.277	2.03	0.688	-1.305	-0.6444	-1.049	-1.627	-0.6456	-0.07143	-0.1458	0.264	-0.8887	-0.249726216511305	
114.6	0.005645	-69.88	8.573	5.122	0.7765	0.02113	-0.1656	-0.03158	-0.851	-0.9491	0.2282	0.362	-1.911	-0.7126	-0.233781374315138	
71.6	0.005317	-80.77	10.82	3.668	3.424	1.537	0.8793	1.54	-0.0292	-0.6916	-0.5736	-1.164	0.1055	-1.029	-0.222630778615312	
95.03	0.002674	-75.12	6.848	5.167	0.9073	0.4248	0.143	0.8044	0.3171	0.4475	0.8836	-0.2952	-1.442	-1.418	-0.21572259255882	
72.86	0.002196	-83.65	12.52	1.091	3.811	0.407	1.979	0.2944	-1.544	-0.2095	0.2043	-0.1914	0.5998	-1.001	-0.208242866552883	
96.94	0.01881	-67.07	10.77	-0.1285	0.6987	-1.27	1.325	1.141	-2.163	-0.537	-1.065	-1.205	-1.217	-1.906	-0.19973261059761	
56.04	0.04573	-73.38	8.327	5.798	1.16	0.3973	0.4811	0.2609	-0.1523	-0.1515	0.8511	0.3748	-1.31	-1.183	-0.20178575375	
40.27	0.009951	-94.94	14.17	2.551	3.534	0.2429	1.683	1.512	0.5464	-0.1261	0.3205	-0.3366	0.6799	0.09168	-0.209432665473484	
45.54	0.007539	-80.19	8.024	6.44	1.587	0.7139	0.2988	0.2172	-0.1116	0.9679	0.8748	0.2771	-0.7783	0.3277	-0.207427374512987	
46.38	0.01573	-78.53	7.743	5.878	2.36	0.8189	-0.02613	-0.195	0.5913	0.4639	0.2413	-0.1721	-0.5367	-0.8907	-0.201830425279553	
44.53	0.006054	-83.23	12.45	3.436	4.218	1.087	2.286	1.641	0.5131	-0.003233	-0.3654	-0.9903	0.2328	-0.4762	-0.199076984785714	
58.83	0.05421	-66.43	7.916	1.41	1.526	-0.5878	1.147	1.085	-1.169	-0.2132	-0.4313	0.1267	0.1635	-0.8026	-0.194837871186441	
127.8	0.03609	-70.86	9.37	-1.588	3.799	-1.545	3.193	0.2806	0.3325	0.209	0.416	-0.5468	0.4741	-2.175	-0.196864730723495	
79.54	0.003796	-75.42	9.012	4.094	1.698	-0.0233	0.7105	0.5844	-0.4953	-0.4965	-0.05211	-0.792	-0.3849	-1.195	-0.190272737	
102.3	0.003204	-71.49	6.094	4.664	-0.08059	0.271	0.03073	0.737	-0.1533	-0.0153	0.3199	0.5103	-1.688	-2.063	-0.189930977757944	
70.55	0.005473	-81.85	11.94	2.295	3.823	-0.4728	1.568	0.07706	-0.9895	-0.1143	-0.4396	-0.7523	-0.5419	-1.56	-0.184630527707006	
130.9	0.006597	-64.56	9.259	3.648	0.9887	-1.422	0.3753	-0.4384	-1.595	-0.2899	-0.2239	0.3102	0.1849	-0.8877	-0.184462439642997	
71.53	0.01399	-178.8	5.096	0.2876	-1.169	-1.712	-1.015	-1.179	-1.701	-0.7502	0.3697	0.8537	-0.6147	-0.3595	-0.18266759941003	
326.5	0.002239	-71.93	-0.5139	3.965	3.458	-2.777	3.16	-0.3792	0.2095	-1.153	1.593	-0.94	-0.9663	-0.9051	0.147048173857143	
581.4	0.005173	-74.14	-6.158	2.599	2.188	-4.918	-0.0453	-1.909	0.433	-2.496	0.581	4.988	3.854	0.2669	0.147917749642346	
414.2	0.006995	-64.58	-2.717	3.96	3.036	-4.52	0.6206	-1.895	0.02431	-4.794	-2.692	-2.698	-0.4376	-0.05105	0.1480434	
351.0	0.006655	-69.54	-3.252	4.161	4.353	-3.618	0.3225	-1.049	1.063	-2.354	-4.601	-6.553	0.2223	0.7248	0.1480434	
360.4	0.008191	-70.08	-4.185	4.535	2.95	-4.423	1.943	-0.1931	0.1923	-3.885	-2.316	-1.343	2.004	3.347	0.14303644123506	
353.9	0.006502	-67.17	-2.192	3.498	3.187	-4.202	-0.2967	-0.7424	1.805	-2.992	-1.635	-2.522	0.4952	-0.03099	0.135339982065653	
287.4	0.005025	-64.5	-0.4411	3.051	4.56	-4.232	1.678	-0.7591	1.847	-1.866	-1.398	-2.51	-0.6868	-2.215	0.125216433864542	
405.3	0.005749	-63.39	-3.1	3.46	4.271	-5.189	0.02533	-1.277	2.136	-2.49	-0.3971	-1.967	-0.593	-2.199	0.1245651	
286.6	0.004809	-70.38	1.883	2.834	4.846	-3.743	1.039	-0.8491	1.998	0.2397	2.19	-0.4578	1.832	0.2797	0.12093068000564	
149.4	0.003606	-76.97	6.085	6.072	6.181	-3.561	2.305	-2.957	1.309	0.1638	2.848	0.8453	1.64	1.173	0.123818832678571	
114.1	0.0032	-80.09	7.824	2.382	7.422	-1.614	2.753	-2.116	-0.09426	-0.36	0.6448	0.9959	1.71	1.215	0.124936854	
130.2	0.002312	-81.49	6.823	3.14	4.967	-2.393	2.446	-1.577	0.0395	-1.201	1.637	-0.3082	1.632	1.414	0.1254347	
135.8	0.002413	-79.55	7.724	3.604	5.631	-2.548	2.289	-2.603	0.5102	-1.149	2.166	0.9583	0.4532	1.177	0.125411339513788	
106.4	0.002055	-83.05	9.113	4.87	7.255	-3.212	1.952	-1.474	0.3824	-1.048	1.611	0.5931	0.975	1.519	0.135437126958525	
129.5	0.002513	-81.84	7.462	2.336	7.155	-2.948	1.391	-2.368	0.5868	-0.1177	1.267	-0.2205	-0.1858	1.227	0.145593	
125.5	0.003627	-76.99	8.252	3.876	7.43	-2.786	2.117	-2.057	0.6682	-0.2485	1.433	0.3403	1.532	1.752	0.145593	
101.9	0.005276	-81.46	6.736	4.237	6.337	-0.8241	4.178	0.6294	0.7419	-0.07364	0.257	-1.227	0.4113	-0.8288	0.145593	
142.7	0.00594	-81.95	4.599	4.016	5.593	-3.149	1.807	-2.024	1.54	-0.4399	1.921	0.4396	1.226	1.878	0.145593	
83.39	0.007744	-87.73	8.442	5.75	4.188	-0.1017	1.259	-1.305	1.189	-1.191	1.36	-1.213	-0.1931	-0.9373	0.145593	
139.6	0.005152	-78.15	4.411	3.794	5.039	-2.909	2.019	-1.669	1.643	-0.07537	1.617	0.6897	0.9674	1.309	0.145593	
154.0	0.004353	-77.92	4.947	4.436	5.814	-2.708	1.859	-2.571	1.142	-0.8922	1.471	-0.49	1.125	1.296	0.145593	
125.6	0.005719	-78.37	8.608	2.456	5.824	-2.344	1.966	-1.507	0.8845	-0.6647	1.283	-1.863	0.02432	0.16	0.140916029880478	
121.9	0.006399	-76.96	4.075	4.576	6.704	-1.389	1.968	-1.095	1.441	-0.7532	2.307	-0.1198	0.8694	1.354	0.132015243923749	
121.3	0.003987	-81.87	5.868	2.88	4.427	-3.787	2.033	-0.5367	1.55	-1.196	2.558	1.699	1.594	1.933	0.126642855674603	
111.6	0.002454	-76.79	7.198	3.787	6.427	-1.296	2.142	-1.448	1.105	-0.5703	0.8651	-0.5365	1.191	0.9974	0.1251582	
188.3	0.005481	-72.21	4.194	3.275	5.279	-4.514	1.271	-1.517	0.6748	-1.014	1.213	0.7343	1.346	0.904	0.1251582	
119.5	0.003449	-76.94	5.678	3.178	5.679	-2.927	2.462	-0.7207	1.308	-0.2595	2.113	0.3387	0.2019	1.626	0.12382285316253	
113.6	0.002909	-78.4	6.874	3.502	7.181	-2.056	1.768	-1.333	0.8458	-1.091	1.08	0.664	0.5108	1.4	0.1199408	
144.3	0.003098	-82.08	7.199	3.867	6.275	-3.879	2.174	-2.14	0.8825	-1.735	1.443	0.9594	1.488	1.138	0.119578060528423	
136.8	0.00185	-78.82	7.584	3.271	7.617	-3.115	1.372	-2.675	0.05882	-0.5932	1.279	0.1454	0.4488	1.663	0.1173321	
158.8	0.008709	-73.02	1.155	4.493	5.832	-2.926	3.344	-0.8049	1.709	-0.9722	1.067	0.7567	1.369	0.2915	0.113283619203187	
106.4	0.01074	-85.66	6.495	4.686	7.666	-1.895	1.992	-0.8509	1.47	-1.167	1.666	-0.5145	1.099	1.728	0.1112452	
214.3	0.006245	-64.67	3.349	3.231	5.288	-3.468	1.881	-1.503	1.662	-1.827	0.3957	1.366	1.105	0.7909	0.110892719841897	
209.2	0.008109	-67.47	-0.1831	5.474	5.981	-2.042	3.501	-0.5707	1.639	-1.044	1.78	1.109	1.407	0.002171	0.1108104	
117.8	0.009127	-74.66	6.224	4.154	6.642	-2.877	1.788	-1.426	0.2359	-0.7169	0.5833	1.138	1.804	1.413	0.1108104	
130.9	0.002352	-73.73	5.834	3.592	6.547	-2.809	2.795	-0.7709	1.209	-0.7968	1.429	1.738	1.445	1.12	0.1108104	
100.2	0.008205	-76.77	4.846	3.679	5.052	-1.085	4.08	0.1755	1.973	-0.3158	0.9807	-0.2804	1.133	-0.08966	0.115593	
132.8	0.007411	-74.63	6.764	4.132	6.822	-2.306	2.43	-1.647	-0.2258	-1.176	0.7004	0.3503	1.467	1.349	0.117458555776892	
184.4	0.004039	-65.85	3.999	4.224	5.374	-2.508	2.355	-1.412	1.5	0.1029	1.649	0.8271	0.7296	0.6667	0.1186365	
133.7	0.00621	-70.29	3.345	3.822	6.074	-2.149	3.306	-0.7248	1.165	-0.1655	1.015	0.1159	0.2025	-0.5302	0.118470225657687	
178.7	0.005281	-64.9	1.119	4.834	5.747	-2.783	1.908	-0.7441	1.479	0.2787	2.212	1.282	1.78	2.07	0.1182017	
161.7	0.006636	-73.39	4.312	3.987	6.641	-1.826	1.772	-1.84	-0.1118	-2.42	-0.419	-1.251	0.534	0.5907	0.1182017	
622.7	0.005562	-56.64	-4.524	2.33	2.781	-3.565	0.9683	-1.119	-0.4843	-4.031	-2.004	-3.042	0.3731	-0.6572	0.11825090804	
743.2	0.005132	-56.56	-6.546	2.066	4.519	-2.111	1.925	-1.865	1.064	-1.409	-0.4876	-2.695	-1.351	-2.107	0.1186364	
286.5	0.005773	-57.74	-0.2749	3.917	4.79	-1.57	1.998	0.1561	1.347	-1.284	-0.08821	-0.5242	1.206	0.195	0.118761977415852	
345.1	0.005431	-57.1	-1.36	5.322	5.267	-2.802	2.396	-0.2227	1.131	-0.8497	0.8491	-0.479	1.097	0.007652	0.120807974820717	
349.0	0.007681	-53.07	-0.1995	4.557	4.555	-3.115	1.678	-0.8431	1.427	-0.1075	0.5137	-0.9113	-0.05594	-0.3546	0.121594939774791	
489.8	0.005677	-53.72	-3.291	4.42	5.169	-2.814	0.6542	-0.7962	2.998	-0.09773	1.634	0.04909	1.329	0.4358	0.1221147	
298.7	0.007601	-55.82	-0.7854	4.226	5.467	-2.068	2.592	-1.581	0.7836	-0.7527	-0.1633	-1.722	0.8339	0.2996	0.1221147	
385.2	0.005089	-54.07	-1.379	4.771	6.051	-1.602	2.349	-1.033	0.9988	-0.6073	0.2663	-0.6068	0.6954	-0.4708	0.125112748236744	
286.6	0.004857	-57.39	0.1494	6.11	5.405	-1.764	1.887	-1.071	1.545	-0.4036	-0.07539	-1.723	0.4631	-0.07996	0.131737370178571	
282.7	0.008673	-59.76	-1.92	3.765	5.079	-2.947	1.532	-1.908	-0.03744	-2.402	-1.342	-2.238	-0.5036	-1.432	0.132822405896414	
255.4	0.01443	-60.69	-1.562	3.084	3.905	-3.918	0.008742	-2.378	-1.069	-3.468	-1.394	-2.391	-0.171	0.05008	0.130824129387104	
358.9	0.003311	-61.38	-2.269	2.702	3.687	-3.962	0.08953	-2.927	-1.828	-3.532	-0.9385	-1.121	1.653	1.468	0.128196490674603	
381.3	0.00247	-68.82	-2.61	3.284	3.928	-3.272	0.7679	-3.491	-2.095	-3.62	-0.5218	0.1113	1.473	1.48	0.123279791434263	
272.2	0.002997	-61.54	-0.3593	3.404	3.603	-2.844	0.3962	-3.702	-1.684	-3.033	-1.2	-0.5518	0.8088	0.5659	0.122224531385108	
326.9	0.00275	-60.08	-1.85	4.914	5.17	-2.833	1.125	-3.392	-2.302	-3.455	-0.7878	-1.644	1.445	0.7659	0.1216799	
606.7	0.01449	-55.65	-5.182	3.436	4.062	-2.594	-0.7445	-4.246	-1.589	-2.631	0.5577	1.544	3.593	0.4672	0.1216799	
555.0	0.003506	-61.15	-6.95	2.24	3.55	-3.48	-1.404	-4.869	-2.704	-2.807	1.059	1.465	2.456	1.181	0.126934686666667	
483.3	0.005412	-56.2	-3.345	3.322	3.629	-3.242	-1.012	-3.722	-0.05593	-1.532	0.6087	-0.5243	1.17	-0.009378	0.139142417642883	
420.8	0.008167	-171.3	-1.421	0.0149	2.503	-5.502	-2.416	-5.776	-3.107	-0.8134	0.3173	-0.833	-0.2794	0.4737	0.143326642995169	
249.0	2.215E-5	-146.2	3.597	4.437	3.207	-1.299	0.9485	-2.628	-2.323	-1.688	-0.4486	-3.939	-4.589	1.509	-0.225388910501811	
195.6	1.426E-5	-157.8	7.635	4.615	1.607	1.274	-2.28	-2.454	-1.148	-3.097	-0.4966	-1.968	-1.476	1.635	-0.23787564416992	
139.5	7.089E-6	-158.5	13.99	4.601	3.9	0.9674	-0.3009	0.004611	0.2845	-2.902	0.374	-1.768	-2.649	0.748	-0.227781641271305	
195.3	8.159E-5	-157.8	21.22	2.304	-1.391	-3.812	-1.153	1.47	-0.6124	-1.765	0.246	-0.6226	-2.542	1.826	-0.245611668013893	
140.8	9.266E-5	-174.4	13.24	8.759	2.3	-0.352	0.1728	-3.301	0.08029	-4.035	2.002	-3.028	-3.593	-0.403	-0.253262560107335	
136.8	0.001301	-114.1	19.68	2.703	1.697	-0.05404	0.8583	-2.17	-1.007	0.3318	-0.4583	-1.024	-2.412	-0.4086	-0.25179894480998	
169.9	8.195E-4	-137.5	9.358	3.606	4.242	1.945	-2.817	-6.273	-2.619	-3.145	1.771	-2.851	-3.864	-1.131	-0.253490924435925	
124.2	7.044E-5	-140.4	19.09	5.753	-0.3679	4.062	1.924	-4.547	0.4305	-1.718	3.05	-1.873	-1.509	-1.821	-0.253637122655136	
242.8	7.417E-5	-147.6	7.443	4.75	1.616	1.225	2.625	-6.396	-3.11	-2.754	2.547	-2.381	-2.473	-0.5879	-0.260316399159551	
151.2	2.483E-5	-172.2	11.11	4.615	2.635	0.3065	-2.284	-4.351	0.9518	-4.755	-1.47	-1.196	-2.795	1.393	-0.242708947363439	
141.7	3.906E-6	-188.0	13.27	8.855	1.12	-0.06972	-0.7953	-3.967	1.016	-3.756	-0.5871	-3.182	-2.537	0.4077	-0.263777510518791	
204.9	1.393E-5	-161.2	14.27	1.822	3.193	5.395	2.572	-4.364	-2.824	-1.067	0.9121	-2.446	-3.916	0.7998	-0.267415396174553	
151.4	1.164E-5	-186.6	17.46	3.832	0.5584	2.646	1.843	-3.018	-1.957	-0.1239	0.8672	-3.404	-3.946	1.171	-0.263374996965007	
128.7	2.495E-5	-158.1	16.92	6.735	4.996	3.466	1.849	-3.547	-2.596	-2.495	1.64	0.005299	-4.571	-0.03312	-0.268281191370829	
118.2	1.079E-5	-152.7	14.41	6.684	7.797	-0.9847	0.478	-2.967	1.023	-1.185	2.548	-1.563	-3.715	-1.483	-0.275058502110879	
178.2	2.545E-5	-163.6	10.88	2.682	4.023	2.745	-3.937	-5.187	0.6647	-3.65	1.337	0.1791	-3.762	0.3803	-0.2793478	
151.4	2.185E-5	-146.8	14.82	6.646	3.072	-0.4597	-1.093	-2.944	5.18	-6.681	2.746	-1.812	-0.6356	-0.5391	-0.278994324364233	
319.9	3.026E-5	-170.8	13.08	-2.876	-0.5906	4.395	0.3306	-4.956	-1.12	-0.8369	-0.5681	-1.305	-2.049	-0.7615	-0.279681177409045	
153.0	8.213E-6	-162.2	12.33	4.328	3.428	-2.643	0.2556	-2.152	-0.5626	-1.766	-0.7244	-1.351	-2.864	-1.517	-0.285720596765519	
164.4	1.754E-5	-145.7	12.59	8.054	1.807	-3.384	-0.05772	-1.854	-1.116	-1.646	0.5094	-1.056	-4.393	-0.4505	-0.294638990810898	
157.6	0.001784	-101.5	7.503	10.82	-3.732	-1.77	2.292	-4.053	1.79	-4.21	-0.9195	-0.3331	-5.138	-0.4702	-0.293717159673865	
342.6	0.002029	-95.76	6.087	-2.385	-4.993	5.282	2.778	-2.295	-2.448	-0.2039	-4.708	1.183	-4.306	1.243	-0.29811969195024	
357.6	0.001494	-114.9	1.005	10.4	-3.014	0.9291	1.354	0.612	-4.448	-4.508	2.099	-1.964	-3.059	-1.488	-0.301862874566386	
400.3	0.001976	-85.8	-4.662	-2.49	-3.517	-1.007	3.051	0.5541	-2.491	-2.477	-1.04	-0.2808	-0.827	-2.548	-0.302174032845412	
296.0	0.002097	-114.0	8.222	-2.409	-3.619	7.619	-0.1994	-2.826	1.688	-5.074	-4.591	-2.27	-1.22	1.033	-0.303113486709475	
436.6	0.00117	-105.0	6.674	-3.766	-2.977	9.837	-2.888	-3.05	0.6126	-3.091	-2.067	-0.02209	-4.59	-1.737	-0.302795353428571	
320.6	0.001072	-129.0	2.848	6.649	-4.83	-4.358	4.344	-4.651	-0.7886	-1.457	-3.463	-0.9993	-2.24	-3.584	-0.306629319483101	
442.8	4.746E-4	-97.71	1.233	-9.49	-0.9248	6.195	-2.172	0.05178	-3.079	-3.747	-1.402	-1.438	-2.113	-1.217	-0.309031675841481	
236.5	4.737E-4	-124.5	4.647	-2.998	0.1509	1.74	-1.038	-3.938	1.61	-5.931	-3.011	0.06835	-3.229	0.3616	-0.329279744501235	
352.2	6.432E-4	-110.6	7.294	-7.028	-7.635	4.172	1.754	-3.369	-1.171	-1.513	-2.223	0.7008	-3.672	-3.401	-0.343914344342893	
520.9	0.001538	-104.3	-4.434	-4.344	-7.082	6.366	-3.206	-3.782	1.653	-1.201	-1.798	2.479	0.6927	-2.445	-0.35473193391338	
848.2	0.001059	-140.8	3.974	2.471	-1.221	1.318	-2.166	-2.841	-1.65	-2.146	0.0265	0.7452	-5.186	-2.68	-0.362430802713363	
401.2	0.001505	-101.0	0.6706	-2.063	-1.304	4.631	1.007	-2.534	-0.526	-4.453	-2.869	1.032	-1.652	0.03391	-0.367905254213448	
245.9	0.00139	-110.8	4.232	-3.335	-1.658	4.352	-1.661	-2.311	0.3411	-1.826	-3.039	-0.6117	-4.34	-1.642	-0.3630640396466	
382.4	2.483E-4	-122.0	-4.314	-5.633	-4.073	2.473	-2.605	0.5879	-5.986	-4.107	-2.291	-3.754	-1.505	-1.436	-0.357617915566731	
163.8	1.104E-4	-192.9	10.6	3.793	-0.2148	-0.9346	-3.822	-2.995	-3.587	-3.375	-2.663	-0.7601	-1.276	-0.3082	-0.358288212132896	
225.6	1.358E-5	-159.7	9.271	4.604	2.835	3.587	5.569	-2.086	-5.775	-5.353	1.746	-1.483	-5.505	0.4065	-0.360612306127857	
319.1	2.64E-5	-120.7	3.37	-5.074	2.204	2.3	0.4137	-3.15	1.042	-3.553	-2.039	1.213	-6.379	-1.535	-0.35996573530283	
469.8	0.001961	-93.15	-2.054	-5.879	2.539	3.353	-0.9515	0.07672	-4.471	-3.089	-3.988	-1.317	0.2841	-0.05062	-0.362061403011007	
475.2	0.002229	-103.9	-6.433	-5.451	-3.199	1.033	-0.3154	-1.16	-2.29	-4.043	-3.629	-0.8584	-3.953	3.459	-0.365177703594466	
413.0	0.002462	-112.7	-2.234	-11.05	0.07934	2.96	0.9718	1.728	-2.647	-2.069	-1.06	1.905	-3.746	-1.181	-0.36430707054085	
293.0	8.772E-4	-146.0	3.712	1.145	2.409	-2.553	6.918	-2.619	-6.302	-1.216	-2.383	2.32	-4.913	-0.6696	-0.365368782990154	
176.7	2.842E-4	-135.9	9.312	0.3225	1.844	0.2251	-1.451	-5.607	-2.343	-7.452	-1.522	-4.58	-1.552	2.512	-0.367945606924565	
487.3	0.001087	-101.4	-7.539	-8.565	-1.354	2.732	2.753	-3.651	-3.624	-4.789	-4.464	-0.8023	-3.031	-0.09655	-0.370791691329442	
164.1	8.84E-4	-169.4	4.874	1.696	0.8282	-1.114	1.029	-2.556	-4.972	-3.461	-3.89	-1.083	-1.789	0.6045	-0.375545756361775	
154.2	7.3E-4	-116.7	11.8	4.883	-0.6509	-0.2752	-0.8526	-2.479	-2.347	-2.424	-2.56	-1.566	-2.643	0.6716	-0.385751322288355	
292.2	0.001624	-97.45	5.835	-4.682	-9.339	3.573	-1.656	-4.398	-2.702	0.9745	-3.483	-0.7248	-4.834	-0.4518	-0.389340053557367	
216.9	0.001093	-90.84	1.958	0.3198	-1.263	0.4172	-0.7328	-2.911	-1.418	-4.05	-1.863	-1.026	-1.977	0.7124	-0.390219378064944	
311.5	6.379E-4	-104.3	3.042	-3.748	-6.459	1.249	-1.666	-4.624	-4.654	-1.954	-3.521	-2.814	-1.309	-0.1424	-0.392668667742818	
238.1	3.595E-4	-120.8	11.37	-5.039	-5.758	3.516	-5.615	-4.219	-1.238	-3.287	-3.128	0.5611	-4.165	-1.449	-0.400827527413293	
403.2	8.168E-4	-96.19	0.8791	-9.588	-6.11	4.943	-0.5449	-5.118	-0.843	-3.618	-5.42	0.3102	-2.722	-1.525	-0.404460325682972	
192.0	0.001372	-151.8	13.1	-0.9449	0.1171	1.08	-1.244	-1.557	-1.325	-4.117	-0.8128	-1.413	-3.052	0.5333	-0.409214497328551	
384.5	8.239E-5	-119.4	2.98	1.918	-2.426	0.1511	-1.937	-1.606	-3.224	-4.759	1.855	-1.748	-4.426	-0.9098	-0.412095912520702	
328.6	2.558E-4	-116.7	7.058	-3.089	-8.524	6.851	-4.509	-2.223	-0.9282	-2.347	-4.787	-1.832	-0.9768	-2.248	-0.412878934674939	
184.0	3.402E-4	-119.7	11.65	7.967	-3.703	2.985	2.26	-3.856	-3.977	-0.8213	1.192	1.024	-3.441	-0.8663	-0.412874895621026	
274.8	1.783E-4	-128.7	2.708	8.539	-2.685	-1.176	0.3249	-6.008	-2.923	-2.587	-3.06	2.387	-4.837	0.02655	-0.408157895630677	
575.3	9.766E-4	-94.39	-2.869	1.891	2.682	0.4754	-0.2275	1.382	-3.724	-1.183	-2.26	-2.243	-3.524	3.634	-0.40308352565737	
334.8	0.001043	-98.4	2.447	-2.295	1.131	1.659	0.6396	0.4648	-5.194	-0.4829	-1.948	-4.61	-2.32	-0.6212	-0.401039109724906	
142.5	2.323E-4	-131.4	14.95	1.933	3.643	3.246	0.2071	-3.475	-1.128	-1.202	-0.6421	-0.8804	-1.326	0.1487	-0.4106405165644	
159.3	9.178E-5	-128.0	9.218	6.683	1.811	-0.6537	0.6544	-4.139	0.333	-1.028	-1.812	-1.215	-2.75	-0.7456	-0.412440441790769	
162.8	2.518E-4	-238.9	15.29	-0.595	-2.113	0.6055	-0.9471	-2.181	-0.9847	-0.8951	-1.124	-2.769	-2.155	0.9904	-0.412064980300752	
472.3	0.01377	-44.27	-2.361	-1.389	1.312	0.4235	1.135	1.352	-0.1813	0.1473	1.095	0.1064	-1.97	0.2629	0.336653767235976	
428.8	0.008053	-52.57	-2.119	0.4177	3.248	-0.9072	1.728	0.3173	-0.8709	0.376	-0.1624	2.072	0.147	-0.6306	0.342792702993821	
454.8	0.009715	-56.43	-5.109	-3.047	0.9951	2.349	1.025	3.173	0.5601	-0.59	1.42	2.693	-1.772	-0.3014	0.349525682743183	
479.9	0.01043	-49.23	-3.353	-2.796	0.9242	-1.595	1.207	2.36	1.124	0.306	-1.014	1.045	-1.572	-1.372	0.351463050369503	
221.2	0.01259	-65.66	-0.3415	0.1771	0.5239	-1.102	0.4661	0.98	0.2628	-1.188	0.2774	1.468	0.9107	-0.5639	0.365453378849188	
364.9	0.007212	-53.13	-5.702	-3.295	2.384	1.318	0.1047	0.05283	-1.709	-0.1995	-0.3941	0.2693	-1.59	0.299	0.371981712004912	
740.1	0.01113	-55.49	-1.753	1.545	0.08979	-0.3477	0.1388	0.08547	-0.6229	-1.752	-1.089	0.4286	0.2099	-0.3022	0.36812657441794	
453.6	0.01105	-49.46	-1.633	-3.243	5.3	0.4782	-0.318	2.459	0.7646	-1.448	-0.5807	-0.009115	-0.5289	1.824	0.361208958520727	
248.6	0.01015	-57.54	1.286	1.762	1.334	0.5258	1.228	0.7334	1.064	-1.195	-0.8604	-0.3019	-0.1365	0.2775	0.364837027428954	
279.9	0.00664	-51.93	-0.81	-0.1754	0.05283	-3.102	1.531	2.527	0.9799	0.6756	2.195	-1.221	-0.04414	0.8491	0.360434115980038	
303.0	0.007973	-54.58	0.04466	-0.578	-0.8957	-1.587	2.011	2.861	0.9607	-0.8108	-0.7376	-2.129	0.7068	1.02	0.35996603288833	
224.6	0.005216	-62.63	0.4021	1.108	0.4475	1.507	0.9627	1.112	1.857	0.748	1.502	-0.7637	1.288	0.3914	0.365067440260327	
279.9	0.002924	-65.58	-0.573	1.786	0.6736	1.146	1.728	1.806	1.953	0.124	1.724	0.5473	1.438	0.5766	0.367867651755337	
210.1	0.007656	-58.68	1.094	0.7322	-1.389	-0.0484	0.8565	0.6046	1.686	1.386	2.066	0.2641	0.609	-0.1919	0.361081848865475	
240.2	0.004228	-60.91	-0.9407	3.897	1.07	0.8672	1.132	1.492	1.951	0.6566	1.001	0.03152	0.92	0.9593	0.358379098482229	
287.7	0.01121	-55.78	0.036	3.945	0.3782	-0.05223	1.304	0.5327	0.8393	-0.127	-0.04737	-0.2589	-1.611	-1.221	0.363177967078804	
86.89	0.01155	-72.26	4.123	5.611	1.548	-0.586	1.242	0.5214	0.7439	-0.1984	2.616	1.071	0.08332	-0.5224	0.36252693937053	
94.1	0.005147	-73.47	2.169	4.908	2.309	0.3348	1.294	0.1151	0.1859	0.1617	4.149	1.66	-0.5977	-1.165	0.363384863512024	
70.99	0.00268	-78.1	3.548	4.016	3.032	0.4369	0.4557	-0.7751	0.4399	-0.4176	2.356	0.501	-0.6702	-1.593	0.366424119813614	
92.07	0.001898	-87.59	2.854	4.679	3.482	2.055	0.8894	-1.577	0.8854	0.3076	4.317	1.009	-0.6468	-2.196	0.360408632981374	
94.13	0.00209	-94.78	2.048	3.998	2.218	1.13	1.056	-0.9902	0.2135	0.6935	4.312	0.6536	-0.1798	-1.117	0.352452394953847	
314.6	0.008893	-55.91	-0.3276	4.921	1.319	-0.2001	0.13	0.4495	0.5449	0.1611	0.4939	0.8293	-1.16	-2.164	0.349859388839069	
173.5	0.008674	-66.44	1.634	3.643	3.391	1.22	0.4546	-1.048	-0.8671	-0.2963	1.548	1.195	-0.4019	-0.1372	0.348928803226848	
81.42	0.00671	-72.27	3.044	6.594	2.667	0.4519	0.5467	-0.03803	0.3228	0.1279	2.675	1.74	-0.06614	-0.9665	0.348616074593801	
95.68	0.001962	-71.43	2.058	5.914	2.874	0.6717	0.4658	-0.4826	0.3783	0.14	3.577	1.429	-0.4639	-0.9282	0.346279999118125	
87.75	0.003596	-72.23	2.216	5.049	3.223	1.286	0.665	0.2622	0.2657	0.348	2.089	0.1905	-1.608	-1.749	0.344979000121706	
124.5	0.003424	-71.15	3.316	5.152	3.429	1.414	0.7856	0.1548	0.6073	0.6747	2.328	0.7313	-1.177	-1.556	0.342294243891826	
109.8	0.007254	-66.65	2.196	4.771	3.666	1.559	1.413	-0.08778	-0.4451	-0.6356	-1.092	-0.8435	-1.275	-0.7956	0.336918051150244	
322.8	0.006576	-53.47	-0.4683	4.614	1.722	-0.001936	0.1475	-0.3385	0.6465	-0.4617	0.6023	0.7716	-1.262	-0.9418	0.33123756189008	
424.2	0.00808	-53.1	0.609	-1.21	0.2738	4.933	-0.8141	-1.863	0.1046	1.631	0.3372	0.2678	-0.2215	-0.37	0.335096394520686	
425.9	0.007436	-53.39	-0.1005	-1.342	1.701	3.847	-1.528	-0.3299	1.305	1.209	0.4098	0.4582	-0.981	-0.5439	0.341884520417031	
149.4	0.01011	-67.63	1.773	4.132	2.556	0.6225	-0.006017	-1.374	-0.3516	0.2526	3.638	-0.01348	-1.145	-1.435	0.349003496552977	
136.7	0.003048	-66.25	3.349	1.959	1.7	-0.159	-0.4374	-1.769	0.8641	1.474	2.997	0.3293	-1.427	-3.009	0.345123724891092	
354.5	0.00496	-64.15	-1.215	2.317	3.811	-2.702	-0.91	0.2835	0.115	1.439	2.204	-1.115	-4.266	-1.419	0.340798715339141	
279.0	0.003441	-66.32	1.541	-1.742	3.086	-1.412	0.5435	-0.6867	-0.6632	1.522	1.883	-1.784	-2.585	-2.648	0.329087163669506	
409.3	0.00881	-53.01	-0.5135	2.048	1.012	-2.401	-0.4021	1.524	0.6707	1.329	0.8376	-1.676	-2.832	-2.248	0.316609192670288	
348.0	0.009112	-54.67	2.873	-1.908	1.49	-0.9822	-1.2	1.621	0.4686	-1.795	1.424	-0.1718	-2.474	-0.2393	0.313355257596464	
407.0	0.0126	-54.55	0.6184	-4.335	-0.8885	3.966	-1.445	0.1545	1.366	-0.1046	-0.1057	1.001	-1.266	-1.442	0.31135727197191	
121.9	0.01254	-66.16	3.306	3.449	1.727	0.6426	1.421	-0.668	0.7825	1.539	2.68	0.5205	-0.8192	-0.824	0.303391634366406	
143.6	0.003271	-63.16	3.236	2.695	2.222	-0.891	-0.5968	-0.7685	0.9691	0.5534	1.09	-0.1417	-0.8207	-1.365	0.300098982697302	
478.9	0.007002	-57.26	-3.107	-3.029	2.958	1.099	0.8844	0.8685	-2.61	0.1277	2.665	0.1046	-2.613	0.2979	0.298798137186319	
261.1	0.007418	-67.85	-0.7331	1.511	1.91	-2.25	-0.2255	0.63	-0.6687	0.119	1.553	-0.6803	-6.579	-2.084	0.293882427311579	
562.2	0.009615	-54.44	-1.802	1.414	0.8486	-0.275	0.1265	2.517	-0.03645	0.7014	1.87	-0.5305	-2.29	-2.114	0.290398339197406	
362.1	0.01104	-56.47	1.221	-0.4477	1.69	1.174	-1.924	-0.2226	2.301	-1.506	1.33	0.4785	-2.036	-2.576	0.28937372859193	
313.8	0.01072	-54.71	3.267	-2.56	-2.068	3.463	0.947	-0.8632	2.627	-1.123	-1.298	0.7173	1.588	-0.5183	0.288578731605081	
201.1	0.009812	-63.96	1.834	4.163	1.343	1.0	1.009	-0.2145	0.07432	0.2051	2.385	0.4819	-1.476	-1.485	0.289158885710888	
120.9	0.005794	-62.78	2.692	3.944	2.382	0.811	-0.7537	-1.321	0.1682	0.6687	2.346	0.3073	-0.06116	-0.6692	0.292157873594801	
324.2	0.006047	-57.39	0.4793	-1.363	1.398	1.977	1.092	0.4013	-1.418	-0.4825	2.586	-0.6966	-2.141	-0.2697	0.288968066451091	
423.9	0.006467	-64.73	-2.77	0.3179	2.541	-1.695	1.633	1.318	-1.082	1.865	3.232	-1.119	-5.074	-2.339	0.288591993862816	
344.5	0.01071	-57.97	-1.037	2.972	1.097	-0.9375	-0.09822	1.121	1.794	1.007	1.199	-1.819	-4.307	-3.834	0.2879343	
418.1	0.01235	-54.35	0.2015	-2.292	1.498	-2.308	-1.026	1.463	-0.05486	0.9791	0.5386	-0.3597	-3.889	-0.2023	0.285591152637938	
429.2	0.01031	-58.76	2.002	0.3594	-1.195	0.7719	-0.8297	-1.591	2.512	1.359	0.9668	0.5526	-5.09	-1.417	0.279792933892283	
230.9	0.01275	-60.2	3.853	1.038	0.6982	-0.6574	0.5008	-0.1126	0.7693	0.6713	0.6442	-1.303	-0.9947	-0.5047	0.27681531953748	
199.7	0.005676	-55.47	2.874	0.5267	1.079	-3.275	-0.2446	1.939	1.597	1.112	0.6476	-0.8074	-0.3238	-0.07028	0.287791910873578	
281.4	0.007799	-54.91	1.796	1.71	-1.588	0.3206	0.6476	0.3716	2.633	1.571	0.6049	-2.783	-0.5753	-0.8506	0.288163624857608	
146.3	0.01186	-64.32	2.539	3.124	0.5075	1.173	0.9479	0.3503	2.489	2.143	1.138	-1.541	-1.678	-1.883	0.288579698425929	
179.8	0.009692	-56.92	0.4376	3.7	1.297	1.693	0.9682	0.1036	0.3649	0.3567	0.6946	-0.3096	-1.707	-2.047	0.289080137546005	
178.6	0.008593	-65.47	3.427	-0.204	0.8412	2.298	0.7559	-1.258	-0.5041	0.3484	1.421	-0.07798	-0.4517	-1.657	0.287101504316424	
707.5	0.01321	-47.98	-3.573	-5.989	0.4362	0.3276	-1.973	1.755	0.9423	-0.7931	0.2796	0.4996	-2.761	-0.1449	0.2853241	
214.7	0.01126	-64.2	2.708	1.152	2.378	-0.7306	0.05094	-1.129	-0.4238	0.4162	2.037	-0.9385	-1.705	-1.111	0.285965436534453	
113.0	0.006669	-181.4	3.308	-1.617	0.3975	-0.3367	-0.2363	-1.365	1.551	4.195	6.037	1.451	-1.679	-1.945	0.291502176487906